Metric,roman-empire,amazon-ratings
edges,65854.0,186100.0
nodes,22662.0,24492.0
classes,18.0,5.0
avg_dgree,2.9059219360351562,7.5983991622924805
edge_homophily,0.04689160871017706,0.3803761418592155
node_homophily,0.04689160734415054,0.3803761601448059
class_homophily,0.01966689531005275,0.1012842230306206
adjusted_homophily,-0.046757735311985016,0.1402302086353302
aggregation_homophily,0.99770540993734,0.8008737546954108
our_homophily,0.9652807407691242,0.6944363061504455
