Metric,roman-empire,amazon-ratings
edges,65854.0,186100.0
nodes,22662.0,24492.0
avg_dgree,2.9059219360351562,7.5983991622924805
edge_homophily,0.04689160871017706,0.3803761418592155
